[
  {
    "name": "Beef Wellington",
    "author": "Gordon Ramsay",
    "description": "Beef Wellington is a classic and elegant dish that’s perfect for special occasions. It features a succulent beef tenderloin wrapped in a flavorful mushroom duxelles, then encased in a golden, flaky puff pastry. This dish combines rich and savory flavors with a sophisticated presentation, making it a standout centerpiece for any festive meal.",
    "website": "https://www.gordonramsay.com/gr/recipes/beef-wellington/",
    "recipeImage": "https://www.gordonramsay.com/assets/Uploads/_resampled/CroppedFocusedImage108081050-50-beef-well-banner.png",
    "authorImage": "https://www.thesun.ie/wp-content/uploads/sites/3/2022/11/gordon-ramsay-idiot-sandwich-skit-774126703.jpg",
    "ingredients": [
      "2 x 400g beef fillets",
      "Olive oil, for frying",
      "500g mixture of wild mushrooms, cleaned",
      "1 thyme sprig, leaves only",
      "500g puff pastry",
      "8 slices of Parma ham",
      "2 egg yolks, beaten with 1 tbsp water and a pinch of salt",
      "Sea salt and freshly ground black pepper"]
  }
]
